{
    "loss": 1.410061240196228,
    "accuracy": 0.8992805480957031
}