{
    "loss": 4.725976943969727,
    "accuracy": 0.5035971403121948
}