{
    "loss": 8.079063415527344,
    "accuracy": 0.5035971403121948
}