{
    "loss": 5.919371128082275,
    "accuracy": 0.5467625856399536
}